model_name,TP,TN,FP,FN,Accuracy,AUROC,AUPR,Precision,Recall,F1,Train_Test_Time
Tuned_LR,249532.0,341227.0,225865.0,133521.0,0.6217566792436944,0.6218228883577326,0.587362346525713,0.5248918272517495,0.6514294366575905,0.5813547673131807,2802.17
CV_LR,288388.0,294795.0,187009.0,179953.0,0.6137831594125107,0.6137880517373892,0.5905923489395983,0.6066256202710577,0.615765008829037,0.6111611485391073,153.83
Tuned_GBT,308359.0,272243.0,167038.0,202505.0,0.6110667319198648,0.6110410534290801,0.5941348158462253,0.6486347200339927,0.6036029158445301,0.6253091220275363,4730.53
Tuned_RF,300575.0,276650.0,174822.0,198098.0,0.6075125375600566,0.6074956214531385,0.5891736220420802,0.6322610365652287,0.6027496976976897,0.6171527713614011,2139.76
Baseline_GBT,330590.0,238944.0,144807.0,235804.0,0.5994179835709287,0.5993523794370115,0.5921083061039066,0.6953977412562553,0.5836749683082801,0.6346570473348301,140.71
Tuned_RF2,330540.0,235661.0,144857.0,239087.0,0.5959100979324209,0.5958421679761307,0.5891859671197659,0.6952925660027304,0.5802744603047257,0.63259791162691,1176.05
CV_RF,310427.0,253562.0,164970.0,221186.0,0.5935820322161355,0.5935414292269063,0.5811022968589641,0.6529847685197845,0.5839341776818852,0.6165321099095342,179.75
Baseline_LR,229461.0,325116.0,245936.0,149632.0,0.5836761757415974,0.583745213910684,0.5583488691324588,0.48267237698176474,0.6052894672283582,0.5370712354737914,45.69
Baseline_RF,386698.0,163567.0,88699.0,311181.0,0.5791379210541548,0.5789777836228537,0.5996464591438725,0.8134212037518116,0.5541046513793938,0.6591765279439791,36.99
